item_id,criterion,sub_criteria,section,kind,status,text
7-1hg3t5b,7,,How a data specialist judges the result,What to check,built-in-edited,"**Trend, not snapshot.** GD4 mandates a **three-year trend** for the performance indicators (7.2.2, 7.2.3, 7.2.4), so three years is the expectation rather than ""two or three"". Look for three years of data to show direction. A single year's figure cannot demonstrate improvement — that is ""Limited"" on Systems & Outcomes at best — and two years falls short of what GD4 asks unless the indicator or the PEI is genuinely younger than that, which should be stated."
7-1yjyccu,7,,Data analytics & the higher bands,What to check,built-in-edited,"**Descriptive → analytical → predictive.** Reporting a figure is descriptive (Band 2–3). Analysing it — the GD4-mandated three-year trend, segmentation (by course/cohort/intake), correlation between a leading indicator and an outcome, and benchmarking against targets and external peers — is Band 4. Using leading indicators to *predict* a shortfall and act pre-emptively is Band 5."
,1,1.1.1,What a finance/governance specialist verifies,What to check,custom-draft,"**Record-keeping by the staff who handle money (1.1.1).** GD4 1.1.1 requires financial statements to be monitored regularly *and* the staff handling finances to maintain accurate, proper record-keeping of financial data and fee payments. Check there is a defined record-keeping procedure for those staff — receipting, the fee-payment ledger, who reconciles it and how often — and sample it against actual payment records. Regular board monitoring with no evidence of how the underlying records are kept, or fee records that cannot be reconciled to receipts, is a finding on 1.1.1 in its own right, separate from the audited-accounts check above."
,1,1.2.1,Strategic planning specifics (1.2),What to check,custom-draft,"**Cascade into department/unit work plans (1.2.1).** Separately from the budget/risk/BCP alignment above, GD4 1.2.1 requires department/unit work plans aligned to the strategic plan, and the review and revision of those plans. Trace at least one strategic thrust down into a named department's work plan and check it carries its own KPIs, targets, owners and timelines, and that the plan was actually reviewed. Strategic objectives that stop at institution level and never appear in a unit work plan are a cascade gap — the strategy is written but not operationalised, which is Approach without Processes."
,2,2.1.1,Human Resource (2.1.1–2.1.2),What to check,custom-draft,"**The Academic Board's role is at *recruitment*, not deployment (2.1.1).** GD4 2.1.1 requires that, for academic positions, the Academic Board — and the external academic partner where applicable — **sets the selection criteria before recruitment** and **approves all shortlisted staff before recruitment**. Check the dates: Board minutes approving the criteria must predate the job advertisement, and Board approval of the shortlist must predate the appointment letter. Board endorsement of a lecturer's *deployment* to a module after they were already hired is a different control and does not satisfy this. Check the middle limb too — verification of the originality of applicants' academic qualifications, not merely a photocopy on file."
,2,2.1.1,Human Resource (2.1.1–2.1.2),What to check,custom-draft,"**Targets in individual staff work plans, set and monitored (2.1.1).** GD4 2.1.1 requires the setting and monitoring of achievement of targets in individual staff work plans. Check this is a live cycle, not an annual form: each staff member has a work plan carrying targets that trace up to the department/unit plan (cross-reference 1.2.1), and there is a mid-cycle or periodic monitoring record, not only the year-end appraisal. Appraisal ratings with no underlying agreed targets, or targets set once and never revisited until the appraisal, are the usual gaps."
,2,2.3.2,"Data, Information & Knowledge Management (2.3.1–2.3.2) and Feedback (2.4.1–2.4.3)",What to check,custom-draft,"**An up-to-date policy and operations manual, readily accessible by staff (2.3.2).** GD4 2.3.2 requires the PEI to maintain up-to-date policy and operations manual(s) that are readily accessible by staff — a separate requirement from the document-control register and its revision history. Check the manual exists, carries a current version and approval date, and that staff can actually reach it: a shared-drive path, intranet or LMS location, ideally with evidence staff were told where it is. A manual several versions behind the procedures actually in use fails the ""up-to-date"" limb; one held only by the QA manager fails ""readily accessible""."
,2,2.4.1,"Data, Information & Knowledge Management (2.3.1–2.3.2) and Feedback (2.4.1–2.4.3)",What to check,custom-draft,"**Dispute resolution is a named requirement, separate from feedback handling (2.4.1).** GD4 2.4.1 requires the dispute resolution policy and procedures to be **aligned with the Private Education Regulations** and **communicated to students**. Check a distinct dispute-resolution policy exists (not just a complaints workflow), that it reflects the regulatory route available to students, and that students were actually told about it — student handbook, contract, orientation deck, website. A well-run complaints log with no dispute-resolution policy behind it is a 2.4.1 gap."
,2,2.4.2,"Data, Information & Knowledge Management (2.3.1–2.3.2) and Feedback (2.4.1–2.4.3)",What to check,custom-draft,"**The student satisfaction survey has 9 mandated topics (2.4.2).** GD4 2.4.2 requires the survey to cover all of: overall student satisfaction level; quality of student support services; physical facilities and infrastructure to support learning; effectiveness of communication; course counselling, if applicable; adequacy, accessibility and quality of teaching-learning resources and the school environment; academic staff performance, i.e. quality of teaching; pre-course counselling experience; and assessment methods and frequency. Check the instrument itself against this list, topic by topic. A missing topic is a coverage gap on 2.4.2 however good the response rate or the analysis of the topics present."
,2,2.4.3,"Data, Information & Knowledge Management (2.3.1–2.3.2) and Feedback (2.4.1–2.4.3)",What to check,custom-draft,"**The staff satisfaction survey has 7 mandated topics and must reach all staff (2.4.3).** GD4 2.4.3 requires the survey to cover: overall staff satisfaction level; human resource policy and practices; physical facilities and infrastructure; training and development opportunities provided; effectiveness of communication; and, for academic staff, teaching-learning resources and support, and assessment methods and frequency. It must go to **all staff**: check the distribution list and respondent count against the full staff list, since excluding part-time staff is a recurring real finding here and GD4 2.1.1 defines staff as minimally full-time, part-time, academic and non-academic."
,3,3.1.1,Selection & Appointment (3.1),What to check,custom-draft,"**The published agent list has mandated contents (3.1.1).** GD4 3.1.1 requires an up-to-date agent list **published on the website** stating, for each agent, the countries in which they recruit or perform marketing roles and the start and end date of the current contract — and listing agents who are **no longer representing the PEI, with the effective date of non-representation**. Open the live website, not just the internal roster. A list showing only current agents, omitting territories or contract dates, or dropping departed agents silently, is a direct 3.1.1 gap, and it is exactly what lets a student be recruited by an agent whose contract had already ended."
,4,4.1.1,"Pre-Course Counselling, Selection & Admission (4.1)",What to check,custom-draft,"**Counsellors trained *and* monitored (4.1.1).** GD4 4.1.1 opens by requiring all course counsellors to be adequately trained and monitored for service delivery. Check both halves: training records naming each counsellor and what they were trained on, and an actual monitoring record — session observation, mystery shopping, file review or counselling-quality sampling. Counselling forms on file prove the session happened; they do not prove the counsellor was competent or supervised. Training with no monitoring is Approach and Processes with no Review."
,4,4.1.1,"Pre-Course Counselling, Selection & Admission (4.1)",What to check,custom-draft,"**Student's Pass holders need three extra counselling topics (4.1.1).** For Student's Pass holders GD4 4.1.1 requires pre-course counselling to additionally cover: Student's Pass application requirements and procedures; that the student is **not permitted to engage in any form of employment or attend an industrial attachment/internship, whether paid or unpaid, without a valid work pass issued by the Ministry of Manpower**; and other relevant Singapore laws. Check the form actually used for international students carries these items — one generic form used for local and international students alike is usually missing the work-pass prohibition, and that omission is a finding, not a formatting quibble."
,4,4.1.1,"Pre-Course Counselling, Selection & Admission (4.1)",What to check,custom-draft,"**Selection and admissions staff are monitored too (4.1.1).** Separately from counselling, GD4 4.1.1 requires monitoring of the staff performing student selection and admissions to ensure the procedures are adhered to. Look for a supervisory check over admission files — verification of applicant suitability and entry requirements, verification of the originality of supporting documents, Management and external partner approval of shortlisted applicants — evidenced by a reviewer's sign-off, a periodic file audit or an exception report. Correctly completed admission files are the output; the absence of any check that someone verifies them is the gap."
,4,4.2.2,"Student Contract, Fee Collection & FPS (4.2) — zero tolerance",What to check,custom-draft,"**Fees only after the contract is executed (4.2.2).** GD4 4.2.2 requires that fees, **excluding application fees**, are collected only *after* the student contract has been executed. This is a date test, not a policy test: for each sampled student compare the receipt date against the contract execution date. A payment banked before the contract was signed is a finding even when the amount is within the cap and fully FPS-covered — the fee-cap check above is a separate test and passing it does not clear this one."
,4,4.2.1,"Student Contract, Fee Collection & FPS (4.2) — zero tolerance",What to check,custom-draft,"**Cooling-off is at least 7 working days (4.2.1).** GD4 4.2.1 fixes the minimum: the contract execution procedure must stipulate a cooling-off period of **at least 7 working days**. Check the figure in the contract template, and check it is *working* days rather than calendar days. Then test it against the refund register — a withdrawal inside the cooling-off window must be treated under the cooling-off terms, and one computed as an ordinary withdrawal instead is a finding (cross-reference 4.4.1)."
,4,4.2.1,"Student Contract, Fee Collection & FPS (4.2) — zero tolerance",What to check,custom-draft,"**The fee breakdown must match in the contract *and* the marketing collaterals (4.2.1).** GD4 4.2.1 requires a breakdown of all fees — inclusive of any **non-refundable fees, discounts/rebates and grants/funding given** — to be declared in the contract **and** in the marketing collaterals. Put the two side by side for a sampled course: the brochure or website fee table against the executed contract. A discount granted in the contract but absent from the published fee schedule, or a non-refundable component disclosed in only one of the two, is a 4.2.1 gap and usually also a 2.2 advertising-accuracy issue."
,4,4.2.1,"Student Contract, Fee Collection & FPS (4.2) — zero tolerance",What to check,custom-draft,"**A copy of the contract available to *prospective* students (4.2.1).** GD4 4.2.1 requires a copy of the student contract to be made available for prospective students, not only issued to enrolled ones. Check where a prospective student could actually obtain it — website download, counselling pack, prospectus — and whether the counselling record shows it was given. This is what makes the cooling-off period meaningful: a student who first sees the contract on the day they sign it has had no opportunity to consider it."
,4,4.4.1,"Transfer, Deferment, Withdrawal (4.3) and Refund (4.4)",What to check,custom-draft,"**The refund *computation* must be communicated, not just the policy (4.4.1).** GD4 4.4.1 makes communicating the computation of the refund amount a requirement in its own right, alongside the refund policy. For each sampled refund check the student was shown how the figure was arrived at — fees paid, the refundable percentage applied, non-refundable items deducted, the resulting sum — in a letter, statement or signed calculation sheet. A refund paid at the correct amount and within the statutory timeline, with no record that the student was ever shown the workings, is still a 4.4.1 gap."
,4,4.3.1,"Transfer, Deferment, Withdrawal (4.3) and Refund (4.4)",What to check,custom-draft,"**ICA must be told when a Student's Pass holder's status changes (4.3.1).** GD4 4.3.1 requires the transfer, deferment and withdrawal procedures to include informing the Immigration & Checkpoints Authority (ICA) of any change to the status of the Student's Pass, where applicable. Check the procedure says so, and for each sampled international-student case check there is an actual ICA notification record with its date. While in these files, test the other two mandated limbs: a maximum processing time of **not more than 4 weeks** from the student's request to informing them of the outcome **in writing**, and the parent's or legal guardian's **written** consent where the student is under 18."
,4,4.6.1,"Support, Conduct & Attendance (4.5, 4.6)",What to check,custom-draft,"**Attendance must cover every learning mode (4.6.1).** GD4 4.6.1 requires the attendance taking and monitoring system to cover **all applicable learning modes — classroom-based learning, synchronous e-learning and asynchronous e-learning**. Establish which modes the PEI actually runs, then check the system captures each one. Asynchronous e-learning is the mode usually missing: it needs an engagement proxy such as LMS access logs, activity completion or submission timestamps, not a class register. A course delivered partly online with attendance recorded only for the face-to-face sessions has an unmonitored blind spot for the rest of the course."
,4,4.5.1,"Support, Conduct & Attendance (4.5, 4.6)",What to check,custom-draft,"**Education and career guidance / employability skills (4.5.1).** GD4 4.5.1 requires programmes and strategies to develop and promote students' education and career guidance and/or employability skills — a distinct requirement from pastoral and academic support. Look for actual delivery: career talks, employer engagement, CV and interview workshops, industry attachments, alumni or progression advising, with attendance records and an evaluation. A support-services list that names career guidance with no programme behind it is Approach only, and it is also the input to the graduate-employment outcomes in Criterion 7."
,4,4.5.1,"Support, Conduct & Attendance (4.5, 4.6)",What to check,custom-draft,"**Students under 18 need parent/guardian collaboration (4.5.1).** GD4 4.5.1 names close collaboration with the parent or legal guardian of students under 18 among the expected support services. First establish whether the PEI enrols any under-18 students at all. If it does, check there is a defined channel and real records: guardianship arrangements, progress and attendance communication to the parent, consent for activities, and a named contact. If it genuinely has none, say so and state the evidence you checked rather than leaving the requirement unaddressed. Cross-reference 4.3.1, which separately requires the guardian's written consent for a transfer, deferment or withdrawal."
,5,5.5.1,Student Assessment (5.5) — the technical heart,What to check,custom-draft,"**A code of conduct for invigilators, not just students (5.5.1).** GD4 5.5.1 requires the setting *and communicating* of a code of conduct for students **and invigilators** to ensure academic integrity, including how academic dishonesty is reported and managed. Check the invigilator half exists and was actually issued: an invigilator brief or handbook, and a record that the people invigilating each assessment received it. Exam rules printed on the cover of a paper do not discharge this — an invigilator who has never been briefed on what to do when they suspect cheating is the gap."
,5,5.5.1,Student Assessment (5.5) — the technical heart,What to check,custom-draft,"**Appointment of setting, vetting, marking and moderation personnel (5.5.1).** GD4 5.5.1 requires the appointment of *suitable personnel* for the setting and vetting of test instruments and for the marking and moderation of assessments. Look for named, documented appointments per assessment with the basis of suitability (subject qualification, currency), and check the roles are genuinely separated: the same individual appointed to set, vet, mark **and** moderate one assessment collapses the control entirely and is a finding, not a resourcing note. Where a course is run with an external partner, GD4 also expects the procedures to state which party is responsible for each of these roles — check that is written down rather than assumed."
,5,5.5.1,Student Assessment (5.5) — the technical heart,What to check,custom-draft,"**At least 7 working days to appeal, and results released in reasonable time (5.5.1).** GD4 5.5.1 requires the PEI, or its external academic partner, to allow **at least seven working days from the release of assessment results** for a student to submit an appeal for results or awards, and to release the appeal outcome within a reasonable time from the date of appeal. Check the stated window in the assessment policy and the student handbook, and where an appeal exists check the dates on the real case. A policy giving students five days, or an appeal that sat unanswered for months, are both findings even though an appeal procedure exists."
,5,5.5.1,Student Assessment (5.5) — the technical heart,What to check,custom-draft,"**Re-sitting and deferred sitting procedures (5.5.1).** GD4 5.5.1 names re-sitting and/or deferred sitting of assessments as part of the assessment policy and procedures. Check there is a stated procedure: who is eligible, how many attempts are allowed, any cap on the mark awarded on a re-sit, fees if any, and how a deferred sitting is approved and scheduled. Then sample a real case against it. Re-sits handled case by case at a lecturer's discretion with no written rule is the common gap, and it creates an equity risk between students."
,6,6.1.1,Internal Assessment (6.1),What to check,custom-draft,"**Internal assessment must use Criterion 7 outcomes to verify effectiveness (6.1.1).** GD4 6.1.1 requires comparative studies and/or benchmarks of Criterion 7 performance outcomes to be used to verify the effectiveness of the institution's systems and processes. Check the internal-assessment working papers actually reference outcome data — pass rates, attrition, satisfaction, employment — and not only document compliance. An internal audit that confirms procedures were followed while the outcomes those procedures exist to produce are flat or declining has not verified effectiveness, and that is a finding on 6.1.1 itself."
,6,6.2.1,Management Review (6.2),What to check,custom-draft,"**Market analysis and external partnerships are named inputs (6.2.1).** GD4 6.2.1 lists the management review's required coverage explicitly, and two of those inputs are routinely absent from PEI minutes: **market analysis** and **external partnerships, if applicable**. Check both are genuinely tabled — competitor, enrolment and sector analysis with a conclusion drawn, and a review of each academic or recruitment partner's performance — not merely mentioned in passing. Where the PEI has no external partners the minutes should say so, rather than leave a mandated input silently missing. The full list also covers the strategic and department/unit plans with KPI target achievement, financial status and resource utilisation including manpower, internal assessment and external reviews with their CAPs, survey findings and feedback, and risk management: check each against the minutes and name the ones absent."
,7,7.1.1,Measurement of Outcomes (7.1),What to check,custom-draft,"**The mandated student and graduate indicators are named, not chosen (GD4 7.2.1).** GD4 names the student and graduate outcome indicators a PEI must track, so this is a checklist against the folder rather than a menu: **attrition rate**, **passing rate** and **quality of passes**, plus **graduation rate**, **graduate achievements**, and the **Graduate Employment Survey (GES) results for External Degree Programme graduates** where the PEI runs such programmes. Name any that are absent as a coverage gap on measurement of outcomes — an outcomes pack that reports enrolment and satisfaction but never states attrition or quality of passes has not measured what GD4 requires, however well the numbers it does report are presented."
,7,7.1.1,Measurement of Outcomes (7.1),What to check,custom-draft,"**The mandated service-quality indicators (GD4 7.2.2).** Check for the **overall student satisfaction rate**, **student satisfaction with the quality of teaching** stated separately rather than folded into the overall figure, and the **service-level agreement on resolving complaints** with actual performance measured against it. The SLA indicator is the most commonly missing: a complaints log with resolution dates is not the same as a stated target turnaround that is measured and reported as an outcome. Cross-reference 2.4.1 — the resolution timeframe promised there is the SLA that has to be measured here."
,7,7.1.1,Measurement of Outcomes (7.1),What to check,custom-draft,"**The mandated financial indicators (GD4 7.2.3).** Criterion 7 requires the **Liquidity Ratio** and the **Debt-Equity Ratio** to be tracked and trended as performance outcomes, not merely to be derivable from the accounts sitting in Criterion 1. Check both are stated as indicators with their formula, their value for each year in the trend, and a target or benchmark to judge them against. Audited financial statements in the Criterion 1 folder do not satisfy this: the requirement is that the PEI measures and monitors these two ratios itself."
,7,7.1.1,Measurement of Outcomes (7.1),What to check,custom-draft,"**The mandated people-development indicator (GD4 7.2.4).** Check **average training hours per staff**, and interrogate the denominator: GD4 expects part-time academic staff to be **included**. Recompute the figure from the training records and the staff list wherever you can — a healthy average produced by counting only full-time staff, or only non-academic staff, is a data-integrity finding as well as a coverage one. Cross-reference 2.1.2 for the underlying training records, and 2.1.1, which defines staff as minimally full-time, part-time, academic and non-academic."